{"cameraMode":{"drawMode":0,"name":"Shaded","section":"Shading Mode"},"sceneLighting":false,"audioPlay":false,"sceneViewState":{"m_AlwaysRefresh":false,"showFog":true,"showSkybox":true,"showFlares":true,"showImageEffects":true,"showParticleSystems":true,"showVisualEffectGraphs":true,"m_FxEnabled":true},"in2DMode":false,"pivot":{"x":-12.16016960144043,"y":22.005290985107423,"z":-12.331574440002442},"rotation":{"x":-0.12964022159576417,"y":-0.22459737956523896,"z":0.03020755760371685,"w":-0.9653825163841248},"size":19.509902954101564,"orthographic":false}