{"cameraMode":{"drawMode":0,"name":"Shaded","section":"Shading Mode"},"sceneLighting":false,"audioPlay":false,"sceneViewState":{"m_AlwaysRefresh":false,"showFog":true,"showSkybox":false,"showFlares":true,"showImageEffects":true,"showParticleSystems":true,"showVisualEffectGraphs":true,"m_FxEnabled":true},"in2DMode":false,"pivot":{"x":0.2496318817138672,"y":-0.7365946769714356,"z":-0.6314816474914551},"rotation":{"x":0.22259634733200074,"y":0.2915421724319458,"z":-0.06995611637830734,"w":0.9276690483093262},"size":12.740821838378907,"orthographic":false}