{"cameraMode":{"drawMode":0,"name":"Shaded","section":"Shading Mode"},"sceneLighting":false,"audioPlay":false,"sceneViewState":{"m_AlwaysRefresh":false,"showFog":true,"showSkybox":false,"showFlares":true,"showImageEffects":true,"showParticleSystems":true,"showVisualEffectGraphs":true,"m_FxEnabled":true},"in2DMode":false,"pivot":{"x":-0.1985158920288086,"y":0.47120189666748049,"z":0.17502403259277345},"rotation":{"x":0.22259634733200074,"y":0.2915421724319458,"z":-0.06995611637830734,"w":0.9276690483093262},"size":13.281204223632813,"orthographic":false}